{
    "speed": 0.10400000214576721,
    "noise": {
        "noise_algorithm": "simplex_perlin_3d",
        "octaves": 7,
        "gain": 0.5,
        "scale": 1.8250000476837158,
        "speed": 1.0,
        "time_offset": 0.0,
        "time_scale_factor": 1.5809999704360962,
        "position_scale_factor": 2.0,
        "rotation_angle_increment": 0.0,
        "time_offset_increment": 12.0
    },
    "warp_noise": {
        "noise_algorithm": "perlin_3d",
        "octaves": 8,
        "gain": 0.3659999966621399,
        "scale": 0.4020000100135803,
        "speed": 0.25,
        "time_offset": 42.0,
        "time_scale_factor": 1.8270000219345093,
        "position_scale_factor": 2.01200008392334,
        "rotation_angle_increment": 0.0,
        "time_offset_increment": 12.0
    },
    "brightness": 0.921999990940094,
    "contrast_steepness": 10.204999923706055,
    "contrast_midpoint": 0.5270000100135803,
    "enable_feedback": false,
    "feedback_decay": 0.004999999888241291,
    "warp_function": "swirl",
    "warp_params": {
        "offset": [
            0.05
        ],
        "polar": [
            0.02,
            0.1
        ],
        "swirl": [
            0.21899999678134918,
            0.019999999552965164,
            0.07699999958276749
        ],
        "offset_deriv": [
            0.02
        ],
        "test": [
            0.1,
            0.1,
            0.0,
            0.0
        ]
    }
}