{
    "speed": 0.10400000214576721,
    "scale": 1.8250000476837158,
    "noise_algorithm": "SimplexPerlin3D",
    "octaves": 7,
    "gain": 0.5,
    "time_scale_factor": 1.5809999704360962,
    "position_scale_factor": 2.0,
    "rotation_angle_increment": 0.0,
    "time_offset_increment": 12.0,
    "brightness": 0.921999990940094,
    "contrast_steepness": 10.204999923706055,
    "contrast_midpoint": 0.5270000100135803,
    "enable_feedback": false,
    "feedback_decay": 0.004999999888241291,
    "warp_function": "Swirl",
    "warp_params": {
        "Offset": [
            0.05
        ],
        "Polar": [
            0.02,
            0.1
        ],
        "Swirl": [
            0.21899999678134918,
            0.019999999552965164,
            0.07699999958276749
        ],
        "OffsetDeriv": [
            0.02
        ],
        "Test": [
            0.1,
            0.1,
            0.0,
            0.0
        ]
    },
    "warp_speed": 0.25,
    "warp_noise_algorithm": "Perlin3D",
    "warp_scale": 0.4020000100135803,
    "warp_octaves": 8,
    "warp_gain": 0.3659999966621399,
    "warp_amplitude": null,
    "warp_time_scale_factor": 1.8270000219345093,
    "warp_position_scale_factor": 2.01200008392334,
    "warp_rotation_angle_increment": 0.0,
    "warp_time_offset_initial": 42.0,
    "warp_time_offset_increment": 12.0
}