{
    "speed": 0.061000000685453415,
    "scale": 2.0,
    "noise_algorithm": "Perlin3D",
    "octaves": 1,
    "gain": 0.5,
    "timeScaleFactor": 1.3,
    "positionScaleFactor": 2.0,
    "rotationAngleIncrement": 0.0,
    "timeOffsetIncrement": 12.0,
    "brightness": 1.0,
    "contrastSteepness": 21.59600067138672,
    "contrastMidpoint": 0.5019999742507935,
    "enable_feedback": true,
    "feedback_function": "Linear",
    "feedback_params": {
        "Linear": [
            0.01
        ],
        "Additive": [
            0.01
        ],
        "Sigmoid": [
            0.01,
            0.1,
            0.5
        ]
    },
    "warpFunction": "SwirlSigmoidDistorted",
    "warpParams": {
        "Offset": [
            0.05
        ],
        "Polar": [
            0.02,
            0.1
        ],
        "Swirl": [
            0.02,
            0.08,
            0.0
        ],
        "SwirlSigmoid": [
            0.02,
            0.08,
            0.0,
            0.5
        ],
        "SwirlSigmoidDistorted": [
            0.02,
            0.08,
            0.0,
            0.5,
            0.15199999511241913,
            0.3230000138282776,
            0.45899999141693115,
            0.2980000078678131,
            0.2160000056028366
        ],
        "OffsetDeriv": [
            0.02
        ],
        "InfiniteMirror": [
            0.5,
            0.5,
            0.0,
            0.0,
            0.0,
            2.0
        ],
        "Test": [
            0.1,
            0.1,
            0.0,
            0.0
        ]
    },
    "warpSpeed": 1.0,
    "warpNoiseAlgorithm": "Perlin3D",
    "warpScale": 1.0,
    "warpOctaves": 7,
    "warpGain": 0.3140000104904175,
    "warpAmplitude": 1.0,
    "warpTimeScaleFactor": 1.2979999780654907,
    "warpPositionScaleFactor": 2.0,
    "warpRotationAngleIncrement": 0.0,
    "warpTimeOffsetInitial": 42.0,
    "warpTimeOffsetIncrement": 12.0
}