{
    "speed": 0.0689999982714653,
    "noise": {
        "noise_algorithm": "simplex_perlin_3d",
        "octaves": 1,
        "gain": 0.5,
        "scale": 0.8510000109672546,
        "speed": 1.0,
        "time_offset": 0.0,
        "time_scale_factor": 1.3,
        "position_scale_factor": 2.0,
        "rotation_angle_increment": 0.0,
        "time_offset_increment": 12.0
    },
    "warp_noise": {
        "noise_algorithm": "perlin_3d",
        "octaves": 1,
        "gain": 0.5,
        "scale": 3.313999891281128,
        "speed": 1.0210000276565552,
        "time_offset": 42.0,
        "time_scale_factor": 1.0,
        "position_scale_factor": 2.0,
        "rotation_angle_increment": 0.0,
        "time_offset_increment": 12.0
    },
    "brightness": 1.003999948501587,
    "contrast_steepness": 17.510000228881836,
    "contrast_midpoint": 0.6029999852180481,
    "enable_feedback": true,
    "feedback_function": "sigmoid",
    "feedback_params": {
        "linear": [
            0.01
        ],
        "additive": [
            0.01
        ],
        "sigmoid": [
            0.032999999821186066,
            0.6579999923706055,
            0.5099999904632568
        ]
    },
    "warp_function": "swirl",
    "warp_params": {
        "offset": [
            0.05
        ],
        "polar": [
            0.02,
            0.1
        ],
        "swirl": [
            0.03500000014901161,
            0.026000000536441803,
            0.07699999958276749
        ],
        "swirl_sigmoid": [
            0.02,
            0.08,
            0.0,
            0.5
        ],
        "swirl_sigmoid_distorted": [
            0.02,
            0.08,
            0.0,
            0.5,
            0.0,
            0.0,
            0.5,
            0.3,
            0.3
        ],
        "offset_deriv": [
            0.02
        ],
        "infinite_mirror": [
            0.5,
            0.5,
            0.0,
            0.0,
            0.0,
            2.0
        ],
        "test": [
            0.1,
            0.1,
            0.0,
            0.0
        ]
    }
}