{
    "speed": 0.10000000149011612,
    "scale": 2.0,
    "noise_algorithm": "SimplexPerlin3D",
    "octaves": 1,
    "gain": 0.5,
    "time_scale_factor": 1.3,
    "position_scale_factor": 2.0,
    "rotation_angle_increment": 0.0,
    "time_offset_increment": 12.0,
    "brightness": 1.0,
    "contrast_steepness": 34.733001708984375,
    "contrast_midpoint": 0.5440000295639038,
    "enable_feedback": true,
    "feedback_function": "Linear",
    "feedback_params": {
        "Linear": [
            0.13099999725818634
        ],
        "Additive": [
            0.01
        ],
        "Sigmoid": [
            0.01,
            0.1,
            0.5
        ]
    },
    "warp_function": "SwirlSigmoid",
    "warp_params": {
        "Offset": [
            0.05
        ],
        "Polar": [
            0.02,
            0.1
        ],
        "Swirl": [
            0.02,
            0.08,
            0.0
        ],
        "SwirlSigmoid": [
            0.8410000205039978,
            0.2919999957084656,
            0.1850000023841858,
            0.7710000276565552
        ],
        "SwirlSigmoidDistorted": [
            0.02,
            0.08,
            0.0,
            0.5,
            0.0,
            0.0,
            0.5,
            0.3,
            0.3
        ],
        "OffsetDeriv": [
            0.02
        ],
        "InfiniteMirror": [
            0.5,
            0.5,
            0.0,
            0.0,
            0.0,
            2.0
        ],
        "Test": [
            0.1,
            0.1,
            0.0,
            0.0
        ]
    },
    "warp_speed": 0.45899999141693115,
    "warp_noise_algorithm": "Perlin3D",
    "warp_scale": 0.25999999046325684,
    "warp_octaves": 3,
    "warp_gain": 0.5,
    "warp_amplitude": 1.0,
    "warp_time_scale_factor": 1.1239999532699585,
    "warp_position_scale_factor": 1.9140000343322754,
    "warp_rotation_angle_increment": 3.260999917984009,
    "warp_time_offset_initial": 42.0,
    "warp_time_offset_increment": 12.0
}