{
    "speed": 0.0689999982714653,
    "scale": 0.8510000109672546,
    "noise_algorithm": "SimplexPerlin3D",
    "octaves": 1,
    "gain": 0.5,
    "time_scale_factor": 1.3,
    "position_scale_factor": 2.0,
    "rotation_angle_increment": 0.0,
    "time_offset_increment": 12.0,
    "brightness": 1.003999948501587,
    "contrast_steepness": 17.510000228881836,
    "contrast_midpoint": 0.6029999852180481,
    "enable_feedback": true,
    "feedback_function": "Sigmoid",
    "feedback_params": {
        "Linear": [
            0.01
        ],
        "Additive": [
            0.01
        ],
        "Sigmoid": [
            0.032999999821186066,
            0.6579999923706055,
            0.5099999904632568
        ]
    },
    "warp_function": "Swirl",
    "warp_params": {
        "Offset": [
            0.05
        ],
        "Polar": [
            0.02,
            0.1
        ],
        "Swirl": [
            0.03500000014901161,
            0.026000000536441803,
            0.07699999958276749
        ],
        "SwirlSigmoid": [
            0.02,
            0.08,
            0.0,
            0.5
        ],
        "SwirlSigmoidDistorted": [
            0.02,
            0.08,
            0.0,
            0.5,
            0.0,
            0.0,
            0.5,
            0.3,
            0.3
        ],
        "OffsetDeriv": [
            0.02
        ],
        "InfiniteMirror": [
            0.5,
            0.5,
            0.0,
            0.0,
            0.0,
            2.0
        ],
        "Test": [
            0.1,
            0.1,
            0.0,
            0.0
        ]
    },
    "warp_speed": 1.0210000276565552,
    "warp_noise_algorithm": "Perlin3D",
    "warp_scale": 3.313999891281128,
    "warp_octaves": 1,
    "warp_gain": 0.5,
    "warp_amplitude": null,
    "warp_time_scale_factor": 1.0,
    "warp_position_scale_factor": 2.0,
    "warp_rotation_angle_increment": 0.0,
    "warp_time_offset_initial": 42.0,
    "warp_time_offset_increment": 12.0
}