{
    "speed": 0.10400000214576721,
    "scale": 1.8799999952316284,
    "noise_algorithm": "simplex_perlin_3d",
    "octaves": 4,
    "gain": 0.38499999046325684,
    "time_scale_factor": 1.5809999704360962,
    "position_scale_factor": 2.0,
    "rotation_angle_increment": 0.0,
    "time_offset_increment": 12.0,
    "brightness": 1.5049999952316284,
    "contrast_steepness": 15.053999900817871,
    "contrast_midpoint": 0.6399999856948853,
    "enable_feedback": true,
    "feedback_blend_mode": "linear",
    "feedback_decay": 0.23499999940395355,
    "warp_function": "infinite_mirror",
    "warp_params": {
        "offset": [
            0.05
        ],
        "polar": [
            0.02,
            0.1
        ],
        "swirl": [
            0.21899999678134918,
            0.019999999552965164,
            0.07699999958276749
        ],
        "offset_deriv": [
            0.02
        ],
        "infinite_mirror": [
            0.1120000034570694,
            0.15600000321865082,
            0.9639999866485596,
            0.0,
            0.125,
            0.11999999731779099
        ],
        "test": [
            0.45500001311302185,
            0.3319999873638153,
            0.0,
            0.0
        ]
    },
    "warp_speed": 0.25,
    "warp_noise_algorithm": "perlin_3d",
    "warp_scale": 0.7419999837875366,
    "warp_octaves": 7,
    "warp_gain": 0.26499998569488525,
    "warp_amplitude": null,
    "warp_time_scale_factor": 1.8270000219345093,
    "warp_position_scale_factor": 2.01200008392334,
    "warp_rotation_angle_increment": 0.004000000189989805,
    "warp_time_offset_initial": 42.0,
    "warp_time_offset_increment": 12.711000442504883
}