{
    "speed": 0.10400000214576721,
    "scale": 1.8799999952316284,
    "noise_algorithm": "SimplexPerlin3D",
    "octaves": 4,
    "gain": 0.38499999046325684,
    "timeScaleFactor": 1.5809999704360962,
    "positionScaleFactor": 2.0,
    "rotationAngleIncrement": 0.0,
    "timeOffsetIncrement": 12.0,
    "brightness": 1.5049999952316284,
    "contrastSteepness": 15.053999900817871,
    "contrastMidpoint": 0.6399999856948853,
    "enable_feedback": true,
    "feedback_blend_mode": "Linear",
    "feedback_decay": 0.23499999940395355,
    "warpFunction": "InfiniteMirror",
    "warpParams": {
        "Offset": [
            0.05
        ],
        "Polar": [
            0.02,
            0.1
        ],
        "Swirl": [
            0.21899999678134918,
            0.019999999552965164,
            0.07699999958276749
        ],
        "OffsetDeriv": [
            0.02
        ],
        "InfiniteMirror": [
            0.1120000034570694,
            0.15600000321865082,
            0.9639999866485596,
            0.0,
            0.125,
            0.11999999731779099
        ],
        "Test": [
            0.45500001311302185,
            0.3319999873638153,
            0.0,
            0.0
        ]
    },
    "warpSpeed": 0.25,
    "warpNoiseAlgorithm": "Perlin3D",
    "warpScale": 0.7419999837875366,
    "warpOctaves": 7,
    "warpGain": 0.26499998569488525,
    "warpAmplitude": null,
    "warpTimeScaleFactor": 1.8270000219345093,
    "warpPositionScaleFactor": 2.01200008392334,
    "warpRotationAngleIncrement": 0.004000000189989805,
    "warpTimeOffsetInitial": 42.0,
    "warpTimeOffsetIncrement": 12.711000442504883
}