{
    "speed": 0.10000000149011612,
    "scale": 2.0,
    "noise_algorithm": "SimplexPerlin3D",
    "octaves": 1,
    "gain": 0.5,
    "timeScaleFactor": 1.3,
    "positionScaleFactor": 2.0,
    "rotationAngleIncrement": 0.0,
    "timeOffsetIncrement": 12.0,
    "brightness": 1.0,
    "contrastSteepness": 34.733001708984375,
    "contrastMidpoint": 0.5440000295639038,
    "enable_feedback": true,
    "feedback_function": "Linear",
    "feedback_params": {
        "Linear": [
            0.14800000190734863
        ],
        "Additive": [
            0.01
        ],
        "Sigmoid": [
            0.01,
            0.1,
            0.5
        ]
    },
    "warpFunction": "SwirlSigmoid",
    "warpParams": {
        "Offset": [
            0.05
        ],
        "Polar": [
            0.02,
            0.1
        ],
        "Swirl": [
            0.02,
            0.08,
            0.0
        ],
        "SwirlSigmoid": [
            0.8410000205039978,
            0.2919999957084656,
            0.1850000023841858,
            0.7710000276565552
        ],
        "SwirlSigmoidDistorted": [
            0.02,
            0.08,
            0.0,
            0.5,
            0.0,
            0.0,
            0.5,
            0.3,
            0.3
        ],
        "OffsetDeriv": [
            0.02
        ],
        "InfiniteMirror": [
            0.5,
            0.5,
            0.0,
            0.0,
            0.0,
            2.0
        ],
        "Test": [
            0.1,
            0.1,
            0.0,
            0.0
        ]
    },
    "warpSpeed": 0.45899999141693115,
    "warpNoiseAlgorithm": "Perlin3D",
    "warpScale": 0.25999999046325684,
    "warpOctaves": 3,
    "warpGain": 0.8809999823570251,
    "warpAmplitude": 1.0,
    "warpTimeScaleFactor": 1.1239999532699585,
    "warpPositionScaleFactor": 1.7660000324249268,
    "warpRotationAngleIncrement": 3.260999917984009,
    "warpTimeOffsetInitial": 42.0,
    "warpTimeOffsetIncrement": 12.0
}