{
    "speed": 0.10000000149011612,
    "scale": 1.8250000476837158,
    "noise_algorithm": "Perlin3D",
    "octaves": 1,
    "gain": 0.7379999756813049,
    "timeScaleFactor": 1.3,
    "positionScaleFactor": 2.0,
    "rotationAngleIncrement": 0.0,
    "timeOffsetIncrement": 12.0,
    "brightness": 1.4950000047683716,
    "contrastSteepness": 27.957000732421875,
    "contrastMidpoint": 0.6340000033378601,
    "enable_feedback": true,
    "feedback_blend_mode": "Linear",
    "feedback_decay": 0.006000000052154064,
    "warpFunction": "SwirlSigmoid",
    "warpParams": {
        "Offset": [
            0.05
        ],
        "Polar": [
            0.02,
            0.1
        ],
        "Swirl": [
            0.07400000095367432,
            0.013000000268220901,
            0.03999999910593033
        ],
        "SwirlSigmoid": [
            0.02,
            0.029999999329447746,
            0.7429999709129333,
            0.675000011920929
        ],
        "OffsetDeriv": [
            0.02
        ],
        "InfiniteMirror": [
            0.5,
            0.5,
            0.0,
            0.0,
            0.0,
            2.0
        ],
        "Test": [
            0.1,
            0.1,
            0.0,
            0.0
        ]
    },
    "warpSpeed": 0.10000000149011612,
    "warpNoiseAlgorithm": "SimplexPerlin3D",
    "warpScale": 0.4020000100135803,
    "warpOctaves": 9,
    "warpGain": 0.3659999966621399,
    "warpAmplitude": null,
    "warpTimeScaleFactor": 2.0,
    "warpPositionScaleFactor": 2.01200008392334,
    "warpRotationAngleIncrement": 0.0,
    "warpTimeOffsetInitial": 42.0,
    "warpTimeOffsetIncrement": 12.0
}