{
    "speed": 0.05000000074505806,
    "scale": 0.9760000109672546,
    "noise_algorithm": "perlin_3d",
    "octaves": 2,
    "gain": 0.44999998807907104,
    "time_scale_factor": 1.5180000066757202,
    "position_scale_factor": 2.0,
    "rotation_angle_increment": 0.0,
    "time_offset_increment": 12.0,
    "brightness": 1.8960000276565552,
    "contrast_steepness": 24.0939998626709,
    "contrast_midpoint": 0.6320000290870667,
    "enable_feedback": true,
    "feedback_function": "linear",
    "feedback_params": {
        "linear": [
            0.01
        ],
        "additive": [
            0.01
        ],
        "sigmoid": [
            0.01,
            0.1,
            0.5
        ]
    },
    "warp_function": "swirl_sigmoid",
    "warp_params": {
        "offset": [
            0.05
        ],
        "polar": [
            0.02,
            0.1
        ],
        "swirl": [
            0.07400000095367432,
            0.013000000268220901,
            0.004999999888241291
        ],
        "swirl_sigmoid": [
            0.02,
            0.08,
            0.014000000432133675,
            0.7099999785423279
        ],
        "swirl_sigmoid_distorted": [
            0.02,
            0.08,
            0.0,
            0.5,
            0.0,
            0.0,
            0.5,
            0.3,
            0.3
        ],
        "offset_deriv": [
            0.02
        ],
        "infinite_mirror": [
            0.5,
            0.5,
            0.0,
            0.0,
            0.0,
            2.0
        ],
        "test": [
            0.1,
            0.1,
            0.0,
            0.0
        ]
    },
    "warp_speed": 0.42399999499320984,
    "warp_noise_algorithm": "simplex_perlin_3d",
    "warp_scale": 0.4020000100135803,
    "warp_octaves": 8,
    "warp_gain": 0.33799999952316284,
    "warp_time_scale_factor": 2.0,
    "warp_position_scale_factor": 1.9470000267028809,
    "warp_rotation_angle_increment": 0.0,
    "warp_time_offset_initial": 42.0,
    "warp_time_offset_increment": 12.0
}