{
    "speed": 0.10000000149011612,
    "scale": 1.8250000476837158,
    "noise_algorithm": "Perlin3D",
    "octaves": 1,
    "gain": 0.7379999756813049,
    "time_scale_factor": 1.3,
    "position_scale_factor": 2.0,
    "rotation_angle_increment": 0.0,
    "time_offset_increment": 12.0,
    "brightness": 1.4950000047683716,
    "contrast_steepness": 27.957000732421875,
    "contrast_midpoint": 0.6340000033378601,
    "enable_feedback": true,
    "feedback_blend_mode": "linear",
    "feedback_decay": 0.006000000052154064,
    "warp_function": "swirl_sigmoid",
    "warp_params": {
        "offset": [
            0.05
        ],
        "polar": [
            0.02,
            0.1
        ],
        "swirl": [
            0.07400000095367432,
            0.013000000268220901,
            0.03999999910593033
        ],
        "swirl_sigmoid": [
            0.02,
            0.029999999329447746,
            0.7429999709129333,
            0.675000011920929
        ],
        "offset_deriv": [
            0.02
        ],
        "infinite_mirror": [
            0.5,
            0.5,
            0.0,
            0.0,
            0.0,
            2.0
        ],
        "test": [
            0.1,
            0.1,
            0.0,
            0.0
        ]
    },
    "warp_speed": 0.10000000149011612,
    "warp_noise_algorithm": "SimplexPerlin3D",
    "warp_scale": 0.4020000100135803,
    "warp_octaves": 9,
    "warp_gain": 0.3659999966621399,
    "warp_amplitude": null,
    "warp_time_scale_factor": 2.0,
    "warp_position_scale_factor": 2.01200008392334,
    "warp_rotation_angle_increment": 0.0,
    "warp_time_offset_initial": 42.0,
    "warp_time_offset_increment": 12.0
}