{
    "speed": 0.10400000214576721,
    "scale": 1.8250000476837158,
    "noise_algorithm": "Perlin3D",
    "octaves": 1,
    "gain": 0.7379999756813049,
    "time_scale_factor": 1.3,
    "position_scale_factor": 2.0,
    "rotation_angle_increment": 0.0,
    "time_offset_increment": 12.0,
    "brightness": 1.4950000047683716,
    "contrast_steepness": 27.957000732421875,
    "contrast_midpoint": 0.6340000033378601,
    "enable_feedback": true,
    "feedback_blend_mode": "Linear",
    "feedback_decay": 0.004999999888241291,
    "warp_function": "Swirl",
    "warp_params": {
        "Offset": [
            0.05
        ],
        "Polar": [
            0.02,
            0.1
        ],
        "Swirl": [
            0.07400000095367432,
            0.013000000268220901,
            0.03999999910593033
        ],
        "OffsetDeriv": [
            0.02
        ],
        "InfiniteMirror": [
            0.5,
            0.5,
            0.0,
            0.0,
            0.0,
            2.0
        ],
        "Test": [
            0.1,
            0.1,
            0.0,
            0.0
        ]
    },
    "warp_speed": 0.25,
    "warp_noise_algorithm": "SimplexPerlin3D",
    "warp_scale": 0.4020000100135803,
    "warp_octaves": 8,
    "warp_gain": 0.3659999966621399,
    "warp_amplitude": null,
    "warp_time_scale_factor": 1.3969999551773071,
    "warp_position_scale_factor": 2.01200008392334,
    "warp_rotation_angle_increment": 0.0,
    "warp_time_offset_initial": 42.0,
    "warp_time_offset_increment": 12.0
}