{
    "speed": 0.10400000214576721,
    "noise": {
        "noise_algorithm": "perlin_3d",
        "octaves": 1,
        "gain": 0.7379999756813049,
        "scale": 1.8250000476837158,
        "speed": 1.0,
        "time_offset": 0.0,
        "time_scale_factor": 1.3,
        "position_scale_factor": 2.0,
        "rotation_angle_increment": 0.0,
        "time_offset_increment": 12.0
    },
    "warp_noise": {
        "noise_algorithm": "simplex_perlin_3d",
        "octaves": 8,
        "gain": 0.3659999966621399,
        "scale": 0.4020000100135803,
        "speed": 0.25,
        "time_offset": 42.0,
        "time_scale_factor": 1.3969999551773071,
        "position_scale_factor": 2.01200008392334,
        "rotation_angle_increment": 0.0,
        "time_offset_increment": 12.0
    },
    "brightness": 1.4950000047683716,
    "contrast_steepness": 27.957000732421875,
    "contrast_midpoint": 0.6340000033378601,
    "enable_feedback": true,
    "feedback_blend_mode": "linear",
    "feedback_decay": 0.004999999888241291,
    "warp_function": "swirl",
    "warp_params": {
        "offset": [
            0.05
        ],
        "polar": [
            0.02,
            0.1
        ],
        "swirl": [
            0.07400000095367432,
            0.013000000268220901,
            0.03999999910593033
        ],
        "offset_deriv": [
            0.02
        ],
        "infinite_mirror": [
            0.5,
            0.5,
            0.0,
            0.0,
            0.0,
            2.0
        ],
        "test": [
            0.1,
            0.1,
            0.0,
            0.0
        ]
    }
}