{
    "speed": 0.10000000149011612,
    "noise": {
        "noise_algorithm": "simplex_perlin_3d",
        "octaves": 1,
        "gain": 0.5,
        "scale": 2.0,
        "speed": 1.0,
        "time_offset": 0.0,
        "time_scale_factor": 1.3,
        "position_scale_factor": 2.0,
        "rotation_angle_increment": 0.0,
        "time_offset_increment": 12.0
    },
    "warp_noise": {
        "noise_algorithm": "perlin_3d",
        "octaves": 4,
        "gain": 0.5,
        "scale": 0.4090000092983246,
        "speed": 0.45899999141693115,
        "time_offset": 42.0,
        "time_scale_factor": 1.1239999532699585,
        "position_scale_factor": 2.0,
        "rotation_angle_increment": 0.0,
        "time_offset_increment": 12.0
    },
    "brightness": 1.0,
    "contrast_steepness": 29.534000396728516,
    "contrast_midpoint": 0.5440000295639038,
    "enable_feedback": true,
    "feedback_function": "linear",
    "feedback_params": {
        "linear": [
            0.01
        ],
        "additive": [
            0.01
        ],
        "sigmoid": [
            0.01,
            0.1,
            0.5
        ]
    },
    "warp_function": "swirl_sigmoid",
    "warp_params": {
        "offset": [
            0.05
        ],
        "polar": [
            0.02,
            0.1
        ],
        "swirl": [
            0.02,
            0.08,
            0.0
        ],
        "swirl_sigmoid": [
            0.07100000232458115,
            0.6510000228881836,
            0.22200000286102295,
            0.8550000190734863,
            0.3179999887943268
        ],
        "swirl_sigmoid_distorted": [
            0.02,
            0.08,
            0.0,
            0.5,
            0.0,
            0.0,
            0.5,
            0.3,
            0.3
        ],
        "offset_deriv": [
            0.02
        ],
        "infinite_mirror": [
            0.5,
            0.5,
            0.0,
            0.0,
            0.0,
            2.0
        ],
        "test": [
            0.1,
            0.1,
            0.0,
            0.0
        ]
    }
}