{
    "speed": 0.10400000214576721,
    "noise": {
        "noise_algorithm": "simplex_perlin_3d",
        "octaves": 4,
        "gain": 0.5,
        "scale": 2.6080000400543213,
        "speed": 1.0,
        "time_offset": 0.0,
        "time_scale_factor": 1.5809999704360962,
        "position_scale_factor": 2.0,
        "rotation_angle_increment": 0.0,
        "time_offset_increment": 12.0
    },
    "warp_noise": {
        "noise_algorithm": "perlin_3d",
        "octaves": 8,
        "gain": 0.3659999966621399,
        "scale": 0.4020000100135803,
        "speed": 0.25,
        "time_offset": 42.0,
        "time_scale_factor": 1.8270000219345093,
        "position_scale_factor": 2.01200008392334,
        "rotation_angle_increment": 0.0,
        "time_offset_increment": 12.0
    },
    "brightness": 1.0049999952316284,
    "contrast_steepness": 10.204999923706055,
    "contrast_midpoint": 0.5270000100135803,
    "enable_feedback": true,
    "feedback_function": "sigmoid",
    "feedback_params": {
        "linear": [
            0.01
        ],
        "additive": [
            0.01
        ],
        "sigmoid": [
            0.01,
            0.1,
            0.5
        ]
    },
    "warp_function": "swirl",
    "warp_params": {
        "offset": [
            0.05
        ],
        "polar": [
            0.02,
            0.1
        ],
        "swirl": [
            0.21899999678134918,
            0.019999999552965164,
            0.07699999958276749
        ],
        "swirl_sigmoid": [
            0.02,
            0.08,
            0.0,
            0.5
        ],
        "swirl_sigmoid_distorted": [
            0.02,
            0.08,
            0.0,
            0.5,
            0.0,
            0.0,
            0.5,
            0.3,
            0.3
        ],
        "offset_deriv": [
            0.02
        ],
        "infinite_mirror": [
            0.4099999964237213,
            0.22599999606609344,
            0.9639999866485596,
            0.0,
            0.125,
            0.11999999731779099
        ],
        "test": [
            0.1,
            0.1,
            0.0,
            0.0
        ]
    }
}