{
    "speed": 0.0689999982714653,
    "scale": 0.8510000109672546,
    "noise_algorithm": {
        "__enum__": "NoiseAlgorithm.SimplexPerlin3D"
    },
    "octaves": 1,
    "gain": 0.5,
    "timeScaleFactor": 1.3,
    "positionScaleFactor": 2.0,
    "rotationAngleIncrement": 0.0,
    "timeOffsetIncrement": 12.0,
    "brightness": 1.003999948501587,
    "contrastSteepness": 17.510000228881836,
    "contrastMidpoint": 0.6029999852180481,
    "enable_feedback": true,
    "feedback_function": "Sigmoid",
    "feedback_params": {
        "Linear": [
            0.01
        ],
        "Additive": [
            0.01
        ],
        "Sigmoid": [
            0.032999999821186066,
            0.6579999923706055,
            0.5099999904632568
        ]
    },
    "warpFunction": "Swirl",
    "warpParams": {
        "Offset": [
            0.05
        ],
        "Polar": [
            0.02,
            0.1
        ],
        "Swirl": [
            0.03500000014901161,
            0.026000000536441803,
            0.07699999958276749
        ],
        "SwirlSigmoid": [
            0.02,
            0.08,
            0.0,
            0.5
        ],
        "SwirlSigmoidDistorted": [
            0.02,
            0.08,
            0.0,
            0.5,
            0.0,
            0.0,
            0.5,
            0.3,
            0.3
        ],
        "OffsetDeriv": [
            0.02
        ],
        "InfiniteMirror": [
            0.5,
            0.5,
            0.0,
            0.0,
            0.0,
            2.0
        ],
        "Test": [
            0.1,
            0.1,
            0.0,
            0.0
        ]
    },
    "warpSpeed": 1.0210000276565552,
    "warpNoiseAlgorithm": {
        "__enum__": "NoiseAlgorithm.Perlin3D"
    },
    "warpScale": 3.313999891281128,
    "warpOctaves": 1,
    "warpGain": 0.5,
    "warpAmplitude": null,
    "warpTimeScaleFactor": 1.0,
    "warpPositionScaleFactor": 2.0,
    "warpRotationAngleIncrement": 0.0,
    "warpTimeOffsetInitial": 42.0,
    "warpTimeOffsetIncrement": 12.0
}