{
    "speed": 0.12099999934434891,
    "scale": 1.8250000476837158,
    "noise_algorithm": {
        "__enum__": "NoiseAlgorithm.SimplexPerlin3D"
    },
    "octaves": 5,
    "gain": 0.7379999756813049,
    "timeScaleFactor": 1.3,
    "positionScaleFactor": 2.0,
    "rotationAngleIncrement": 0.0,
    "timeOffsetIncrement": 12.0,
    "brightness": 0.257999986410141,
    "contrastSteepness": 22.538000106811523,
    "contrastMidpoint": 0.8450000286102295,
    "enable_feedback": true,
    "feedback_decay": 0.004999999888241291,
    "warpFunction": "Swirl",
    "warpParams": {
        "Offset": [
            0.05
        ],
        "Polar": [
            0.02,
            0.1
        ],
        "Swirl": [
            0.21899999678134918,
            0.019999999552965164,
            0.07699999958276749
        ],
        "OffsetDeriv": [
            0.02
        ],
        "Test": [
            0.1,
            0.1,
            0.0,
            0.0
        ]
    },
    "warpSpeed": 0.17499999701976776,
    "warpNoiseAlgorithm": {
        "__enum__": "NoiseAlgorithm.SimplexPerlin3D"
    },
    "warpScale": 0.4020000100135803,
    "warpOctaves": 8,
    "warpGain": 0.3659999966621399,
    "warpAmplitude": null,
    "warpTimeScaleFactor": 1.0,
    "warpPositionScaleFactor": 2.01200008392334,
    "warpRotationAngleIncrement": 0.0,
    "warpTimeOffsetInitial": 42.0,
    "warpTimeOffsetIncrement": 12.0
}