{
    "speed": 0.05000000074505806,
    "scale": 0.9760000109672546,
    "noise_algorithm": "Perlin3D",
    "octaves": 2,
    "gain": 0.44999998807907104,
    "timeScaleFactor": 1.5180000066757202,
    "positionScaleFactor": 2.0,
    "rotationAngleIncrement": 0.0,
    "timeOffsetIncrement": 12.0,
    "brightness": 1.8960000276565552,
    "contrastSteepness": 24.0939998626709,
    "contrastMidpoint": 0.6320000290870667,
    "enable_feedback": true,
    "feedback_function": "Linear",
    "feedback_params": {
        "Linear": [
            0.01
        ],
        "Additive": [
            0.01
        ],
        "Sigmoid": [
            0.01,
            0.1,
            0.5
        ]
    },
    "warpFunction": "SwirlSigmoid",
    "warpParams": {
        "Offset": [
            0.05
        ],
        "Polar": [
            0.02,
            0.1
        ],
        "Swirl": [
            0.07400000095367432,
            0.013000000268220901,
            0.004999999888241291
        ],
        "SwirlSigmoid": [
            0.02,
            0.08,
            0.014000000432133675,
            0.7099999785423279
        ],
        "SwirlSigmoidDistorted": [
            0.02,
            0.08,
            0.0,
            0.5,
            0.0,
            0.0,
            0.5,
            0.3,
            0.3
        ],
        "OffsetDeriv": [
            0.02
        ],
        "InfiniteMirror": [
            0.5,
            0.5,
            0.0,
            0.0,
            0.0,
            2.0
        ],
        "Test": [
            0.1,
            0.1,
            0.0,
            0.0
        ]
    },
    "warpSpeed": 0.42399999499320984,
    "warpNoiseAlgorithm": "SimplexPerlin3D",
    "warpScale": 0.4020000100135803,
    "warpOctaves": 8,
    "warpGain": 0.33799999952316284,
    "warpAmplitude": null,
    "warpTimeScaleFactor": 2.0,
    "warpPositionScaleFactor": 1.9470000267028809,
    "warpRotationAngleIncrement": 0.0,
    "warpTimeOffsetInitial": 42.0,
    "warpTimeOffsetIncrement": 12.0
}