{
    "speed": 0.10000000149011612,
    "scale": 2.0,
    "noise_algorithm": {
        "__enum__": "NoiseAlgorithm.SimplexPerlin3D"
    },
    "octaves": 1,
    "gain": 0.5,
    "timeScaleFactor": 1.3,
    "positionScaleFactor": 2.0,
    "rotationAngleIncrement": 0.0,
    "timeOffsetIncrement": 12.0,
    "brightness": 1.0,
    "contrastSteepness": 29.534000396728516,
    "contrastMidpoint": 0.5440000295639038,
    "enable_feedback": true,
    "feedback_function": "Linear",
    "feedback_params": {
        "Linear": [
            0.01
        ],
        "Additive": [
            0.01
        ],
        "Sigmoid": [
            0.01,
            0.1,
            0.5
        ]
    },
    "warpFunction": "SwirlSigmoid",
    "warpParams": {
        "Offset": [
            0.05
        ],
        "Polar": [
            0.02,
            0.1
        ],
        "Swirl": [
            0.02,
            0.08,
            0.0
        ],
        "SwirlSigmoid": [
            0.07100000232458115,
            0.6510000228881836,
            0.22200000286102295,
            0.8550000190734863,
            0.3179999887943268
        ],
        "SwirlSigmoidDistorted": [
            0.02,
            0.08,
            0.0,
            0.5,
            0.0,
            0.0,
            0.5,
            0.3,
            0.3
        ],
        "OffsetDeriv": [
            0.02
        ],
        "InfiniteMirror": [
            0.5,
            0.5,
            0.0,
            0.0,
            0.0,
            2.0
        ],
        "Test": [
            0.1,
            0.1,
            0.0,
            0.0
        ]
    },
    "warpSpeed": 0.45899999141693115,
    "warpNoiseAlgorithm": {
        "__enum__": "NoiseAlgorithm.Perlin3D"
    },
    "warpScale": 0.4090000092983246,
    "warpOctaves": 4,
    "warpGain": 0.5,
    "warpAmplitude": 1.0,
    "warpTimeScaleFactor": 1.1239999532699585,
    "warpPositionScaleFactor": 2.0,
    "warpRotationAngleIncrement": 0.0,
    "warpTimeOffsetInitial": 42.0,
    "warpTimeOffsetIncrement": 12.0
}