{
    "speed": 0.10400000214576721,
    "scale": 2.6080000400543213,
    "noise_algorithm": "SimplexPerlin3D",
    "octaves": 4,
    "gain": 0.5,
    "timeScaleFactor": 1.5809999704360962,
    "positionScaleFactor": 2.0,
    "rotationAngleIncrement": 0.0,
    "timeOffsetIncrement": 12.0,
    "brightness": 1.0049999952316284,
    "contrastSteepness": 10.204999923706055,
    "contrastMidpoint": 0.5270000100135803,
    "enable_feedback": true,
    "feedback_function": "Sigmoid",
    "feedback_params": {
        "Linear": [
            0.01
        ],
        "Additive": [
            0.01
        ],
        "Sigmoid": [
            0.01,
            0.1,
            0.5
        ]
    },
    "warpFunction": "Swirl",
    "warpParams": {
        "Offset": [
            0.05
        ],
        "Polar": [
            0.02,
            0.1
        ],
        "Swirl": [
            0.21899999678134918,
            0.019999999552965164,
            0.07699999958276749
        ],
        "SwirlSigmoid": [
            0.02,
            0.08,
            0.0,
            0.5
        ],
        "SwirlSigmoidDistorted": [
            0.02,
            0.08,
            0.0,
            0.5,
            0.0,
            0.0,
            0.5,
            0.3,
            0.3
        ],
        "OffsetDeriv": [
            0.02
        ],
        "InfiniteMirror": [
            0.4099999964237213,
            0.22599999606609344,
            0.9639999866485596,
            0.0,
            0.125,
            0.11999999731779099
        ],
        "Test": [
            0.1,
            0.1,
            0.0,
            0.0
        ]
    },
    "warpSpeed": 0.25,
    "warpNoiseAlgorithm": "Perlin3D",
    "warpScale": 0.4020000100135803,
    "warpOctaves": 8,
    "warpGain": 0.3659999966621399,
    "warpAmplitude": 1.0,
    "warpTimeScaleFactor": 1.8270000219345093,
    "warpPositionScaleFactor": 2.01200008392334,
    "warpRotationAngleIncrement": 0.0,
    "warpTimeOffsetInitial": 42.0,
    "warpTimeOffsetIncrement": 12.0
}